dataset,predicted_ranking,true_ranking,predicted_ranking_error,true_ranking_error
AedesQuinx,"['MS', 'DyS', 'SORD', 'MAX', 'SMM', 'X', 'ACC', 'HDy', 'CC', 'PACC', 'PCC']","['DyS', 'SORD', 'MS', 'SMM', 'MAX', 'X', 'ACC', 'HDy', 'PACC', 'CC', 'PCC']","[np.float64(0.011030000000000002), np.float64(0.012697), np.float64(0.014089999999999998), np.float64(0.015273000000000012), np.float64(0.01605149999999997), np.float64(0.017041999999999998), np.float64(0.020414000000000033), np.float64(0.024524000000000042), np.float64(0.025576000000000033), np.float64(0.025682499999999987), np.float64(0.055169000000000044)]","[np.float64(0.03975), np.float64(0.0411), np.float64(0.0424), np.float64(0.0426), np.float64(0.04515), np.float64(0.04635), np.float64(0.04725), np.float64(0.054849999999999996), np.float64(0.08475), np.float64(0.0962), np.float64(0.1472)]"
AedesSex,"['MAX', 'DyS', 'SMM', 'MS', 'ACC', 'SORD', 'X', 'HDy', 'CC', 'PACC', 'PCC']","['DyS', 'MS', 'SORD', 'SMM', 'MAX', 'ACC', 'X', 'HDy', 'CC', 'PACC', 'PCC']","[np.float64(0.02518449999999999), np.float64(0.027401000000000005), np.float64(0.029626000000000038), np.float64(0.029992000000000053), np.float64(0.032750000000000036), np.float64(0.03600750000000002), np.float64(0.03786899999999995), np.float64(0.04247500000000006), np.float64(0.05602000000000003), np.float64(0.058167499999999955), np.float64(0.1083529999999999)]","[np.float64(0.0095), np.float64(0.00965), np.float64(0.00995), np.float64(0.0107), np.float64(0.01115), np.float64(0.01145), np.float64(0.01185), np.float64(0.014150000000000001), np.float64(0.0154), np.float64(0.02025), np.float64(0.02665)]"
anuranCalls,"['MS', 'DyS', 'SORD', 'SMM', 'ACC', 'X', 'MAX', 'HDy', 'PACC', 'CC', 'PCC']","['DyS', 'MS', 'SORD', 'SMM', 'MAX', 'X', 'ACC', 'PACC', 'HDy', 'CC', 'PCC']","[np.float64(0.015872499999999984), np.float64(0.027347500000000028), np.float64(0.02739399999999998), np.float64(0.02824500000000001), np.float64(0.02899199999999999), np.float64(0.02978999999999994), np.float64(0.030870000000000036), np.float64(0.04467500000000003), np.float64(0.05056499999999995), np.float64(0.0598399999999999), np.float64(0.1050074999999999)]","[np.float64(0.01645), np.float64(0.016550000000000002), np.float64(0.01685), np.float64(0.01765), np.float64(0.0178), np.float64(0.020649999999999998), np.float64(0.02225), np.float64(0.0305), np.float64(0.032350000000000004), np.float64(0.0472), np.float64(0.06275)]"
